# LABELS: epoch, loss, acc, val_loss, val_acc
0.000, 0.646, 0.620, 0.637, 0.696
1.000, 0.503, 0.761, 0.516, 0.826
# Test [loss, acc]: 0.6045973, 0.7916667
